"","UNIPROTKB","EntrezID","Gene","Level1","Level2","CHAP...CO.CHAP","ATP.dependence..Y.N.","Entry.name"
"1","P27797",811,"CALR","Chaperome","ER","CHAP","N","CALR_HUMAN"
"2","P27824",821,"CANX","Chaperome","ER","CHAP","N","CALX_HUMAN"
"3","O14967",1047,"CLGN","Chaperome","ER","CHAP","N","CLGN_HUMAN"
"4","Q92611",9695,"EDEM1","Chaperome","ER","CHAP","N","EDEM1_HUMAN"
"5","Q9BV94",55741,"EDEM2","Chaperome","ER","CHAP","N","EDEM2_HUMAN"
"6","Q9BZQ6",80267,"EDEM3","Chaperome","ER","CHAP","N","EDEM3_HUMAN"
"7","P30040",10961,"ERP29","Chaperome","ER","CHAP","N","ERP29_HUMAN"
"8","P41222",5730,"PTGDS","Chaperome","ER","CHAP","N","PTGDS_HUMAN"
"9","P50454",871,"SERPINH1","Chaperome","ER","CHAP","N","SERPH_HUMAN"
"10","Q96DZ1",27248,"ERLEC1","Chaperome","ER","CHAP","N","ERLEC_HUMAN"
"11","O95456",8624,"PSMG1","Chaperome","ER","CHAP","N","PSMG1_HUMAN"
"12","Q02809",5351,"PLOD1","Chaperome","ER","CHAP","N","PLOD1_HUMAN"
"13","O00469",5352,"PLOD2","Chaperome","ER","CHAP","N","PLOD2_HUMAN"
"14","O60568",8985,"PLOD3","Chaperome","ER","CHAP","N","PLOD3_HUMAN"
"15","Q5TGI0",84553,"FAXC","Chaperome","ER","CHAP","N","FAXC_HUMAN"
"16","Q96DN0",121506,"ERP27","Chaperome","ER","CO-CHAP","N","ERP27_HUMAN"
"17","P07237",5034,"P4HB","Chaperome","ER","CO-CHAP","N","PDIA1_HUMAN"
"18","Q13087",64714,"PDIA2","Chaperome","ER","CO-CHAP","N","PDIA2_HUMAN"
"19","P30101",2923,"PDIA3","Chaperome","ER","CO-CHAP","N","PDIA3_HUMAN"
"20","P13667",9601,"PDIA4","Chaperome","ER","CO-CHAP","N","PDIA4_HUMAN"
"21","Q14554",10954,"PDIA5","Chaperome","ER","CO-CHAP","N","PDIA5_HUMAN"
"22","Q15084",10130,"PDIA6","Chaperome","ER","CO-CHAP","N","PDIA6_HUMAN"
"23","Q8N807",204474,"PDILT","Chaperome","ER","CO-CHAP","N","PDILT_HUMAN"
"24","Q9BS26",23071,"ERP44","Chaperome","ER","CO-CHAP","N","ERP44_HUMAN"
"25","Q13162",10549,"PRDX4","Chaperome","ER","CO-CHAP","N","PRDX4_HUMAN"
"26","O00391",5768,"QSOX1","Chaperome","ER","CO-CHAP","N","QSOX1_HUMAN"
"27","Q96HE7",30001,"ERO1L","Chaperome","ER","CO-CHAP","N","ERO1A_HUMAN"
"28","Q86YB8",56605,"ERO1LB","Chaperome","ER","CO-CHAP","N","ERO1B_HUMAN"
"29","Q6ZRP7",169714,"QSOX2","Chaperome","ER","CO-CHAP","N","QSOX2_HUMAN"
"30","Q9H3N1",81542,"TMX1","Chaperome","ER","CO-CHAP","N","TMX1_HUMAN"
"31","Q9Y320",51075,"TMX2","Chaperome","ER","CO-CHAP","N","TMX2_HUMAN"
"32","O95881",51060,"TXNDC12","Chaperome","ER","CO-CHAP","N","TXD12_HUMAN"
"33","O95994",10551,"AGR2","Chaperome","ER","CO-CHAP","N","AGR2_HUMAN"
"34","Q9H1E5",56255,"TMX4","Chaperome","ER","CO-CHAP","N","TMX4_HUMAN"
"35","P10599",7295,"TXN","Chaperome","ER","CO-CHAP","N","THIO_HUMAN"
"36","Q96JJ7",54495,"TMX3","Chaperome","ER","CO-CHAP","N","TMX3_HUMAN"
"37","Q6PKC3",51061,"TXNDC11","Chaperome","ER","CO-CHAP","N","TXD11_HUMAN"
"38","Q9P2K2",57544,"TXNDC16","Chaperome","ER","CO-CHAP","N","TXD16_HUMAN"
"39","Q8NBS9",81567,"TXNDC5","Chaperome","ER","CO-CHAP","N","TXND5_HUMAN"
"40","Q13454",7991,"TUSC3","Chaperome","ER","CO-CHAP","N","TUSC3_HUMAN"
"41","Q8WU39",51237,"MZB1","Chaperome","ER","CO-CHAP","N","MZB1_HUMAN"
"42","Q7Z4N8",283208,"P4HA3","Chaperome","ER","CO-CHAP","N","P4HA3_HUMAN"
"43","P55072",7415,"VCP","Chaperome","HSP100","CHAP","Y","TERA_HUMAN"
"44","Q5JU69",27433,"TOR2A","Chaperome","HSP100","CHAP","Y","TOR2A_HUMAN"
"45","Q8N2E6",27433,"TOR2A","Chaperome","HSP100","CHAP","Y","TOR2X_HUMAN"
"46","Q9H497",64222,"TOR3A","Chaperome","HSP100","CHAP","Y","TOR3A_HUMAN"
"47","O14656",1861,"TOR1A","Chaperome","HSP100","CHAP","Y","TOR1A_HUMAN"
"48","O14657",27348,"TOR1B","Chaperome","HSP100","CHAP","Y","TOR1B_HUMAN"
"49","Q9NXH8",54863,"TOR4A","Chaperome","HSP100","CHAP","Y","TOR4A_HUMAN"
"50","O76031",10845,"CLPX","Chaperome","HSP100","CHAP","Y","CLPX_HUMAN"
"51","P36776",9361,"LONP1","Chaperome","HSP100","CHAP","Y","LONM_HUMAN"
"52","Q9H078",81570,"CLPB","Chaperome","HSP100","CHAP","Y","CLPB_HUMAN"
"53","Q9Y4W6",10939,"AFG3L2","Chaperome","HSP100","CHAP","Y","AFG32_HUMAN"
"54","Q9Y276",617,"BCS1L","Chaperome","HSP100","CHAP","Y","BCS1_HUMAN"
"55","Q9NVI7",55210,"ATAD3A","Chaperome","HSP100","CHAP","Y","ATD3A_HUMAN"
"56","Q5T9A4",83858,"ATAD3B","Chaperome","HSP100","CHAP","Y","ATD3B_HUMAN"
"57","Q5T2N8",219293,"ATAD3C","Chaperome","HSP100","CHAP","Y","ATD3C_HUMAN"
"58","O75061",9829,"DNAJC6","Chaperome","HSP40","CO-CHAP","N","AUXI_HUMAN"
"59","P31689",3301,"DNAJA1","Chaperome","HSP40","CO-CHAP","N","DNJA1_HUMAN"
"60","O60884",10294,"DNAJA2","Chaperome","HSP40","CO-CHAP","N","DNJA2_HUMAN"
"61","Q96EY1",9093,"DNAJA3","Chaperome","HSP40","CO-CHAP","N","DNJA3_HUMAN"
"62","Q8WW22",55466,"DNAJA4","Chaperome","HSP40","CO-CHAP","N","DNJA4_HUMAN"
"63","P25685",3337,"DNAJB1","Chaperome","HSP40","CO-CHAP","N","DNJB1_HUMAN"
"64","Q9UBS4",51726,"DNAJB11","Chaperome","HSP40","CO-CHAP","N","DJB11_HUMAN"
"65","Q9NXW2",54788,"DNAJB12","Chaperome","HSP40","CO-CHAP","N","DJB12_HUMAN"
"66","P59910",374407,"DNAJB13","Chaperome","HSP40","CO-CHAP","N","DJB13_HUMAN"
"67","Q8TBM8",79982,"DNAJB14","Chaperome","HSP40","CO-CHAP","N","DJB14_HUMAN"
"68","P25686",3300,"DNAJB2","Chaperome","HSP40","CO-CHAP","N","DNJB2_HUMAN"
"69","Q8WWF6",414061,"DNAJB3","Chaperome","HSP40","CO-CHAP","N","DNJB3_HUMAN"
"70","Q9UDY4",11080,"DNAJB4","Chaperome","HSP40","CO-CHAP","N","DNJB4_HUMAN"
"71","O75953",25822,"DNAJB5","Chaperome","HSP40","CO-CHAP","N","DNJB5_HUMAN"
"72","O75190",10049,"DNAJB6","Chaperome","HSP40","CO-CHAP","N","DNJB6_HUMAN"
"73","Q7Z6W7",150353,"DNAJB7","Chaperome","HSP40","CO-CHAP","N","DNJB7_HUMAN"
"74","Q8NHS0",165721,"DNAJB8","Chaperome","HSP40","CO-CHAP","N","DNJB8_HUMAN"
"75","Q9UBS3",4189,"DNAJB9","Chaperome","HSP40","CO-CHAP","N","DNJB9_HUMAN"
"76","Q96KC8",64215,"DNAJC1","Chaperome","HSP40","CO-CHAP","N","DNJC1_HUMAN"
"77","Q8IXB1",54431,"DNAJC10","Chaperome","HSP40","CO-CHAP","N","DJC10_HUMAN"
"78","Q9NVH1",55735,"DNAJC11","Chaperome","HSP40","CO-CHAP","N","DJC11_HUMAN"
"79","Q9UKB3",56521,"DNAJC12","Chaperome","HSP40","CO-CHAP","N","DJC12_HUMAN"
"80","O75165",23317,"DNAJC13","Chaperome","HSP40","CO-CHAP","N","DJC13_HUMAN"
"81","Q6Y2X3",85406,"DNAJC14","Chaperome","HSP40","CO-CHAP","N","DJC14_HUMAN"
"82","Q9Y5T4",29103,"DNAJC15","Chaperome","HSP40","CO-CHAP","N","DJC15_HUMAN"
"83","Q9Y2G8",23341,"DNAJC16","Chaperome","HSP40","CO-CHAP","N","DJC16_HUMAN"
"84","Q9NVM6",55192,"DNAJC17","Chaperome","HSP40","CO-CHAP","N","DJC17_HUMAN"
"85","Q9H819",202052,"DNAJC18","Chaperome","HSP40","CO-CHAP","N","DJC18_HUMAN"
"86","Q96DA6",131118,"DNAJC19","Chaperome","HSP40","CO-CHAP","N","TIM14_HUMAN"
"87","Q99543",27000,"DNAJC2","Chaperome","HSP40","CO-CHAP","N","DNJC2_HUMAN"
"88","Q5F1R6",134218,"DNAJC21","Chaperome","HSP40","CO-CHAP","N","DJC21_HUMAN"
"89","Q8N4W6",79962,"DNAJC22","Chaperome","HSP40","CO-CHAP","N","DJC22_HUMAN"
"90","Q6P3W2",120526,"DNAJC24","Chaperome","HSP40","CO-CHAP","N","DJC24_HUMAN"
"91","Q9H1X3",548645,"DNAJC25","Chaperome","HSP40","CO-CHAP","N","DJC25_HUMAN"
"92","Q9NZQ0",51277,"DNAJC27","Chaperome","HSP40","CO-CHAP","N","DJC27_HUMAN"
"93","Q9NX36",54943,"DNAJC28","Chaperome","HSP40","CO-CHAP","N","DJC28_HUMAN"
"94","Q13217",5611,"DNAJC3","Chaperome","HSP40","CO-CHAP","N","DNJC3_HUMAN"
"95","Q96LL9",84277,"DNAJC30","Chaperome","HSP40","CO-CHAP","N","DJC30_HUMAN"
"96","Q9NNZ3",3338,"DNAJC4","Chaperome","HSP40","CO-CHAP","N","DNJC4_HUMAN"
"97","Q9H3Z4",80331,"DNAJC5","Chaperome","HSP40","CO-CHAP","N","DNJC5_HUMAN"
"98","Q9UF47",85479,"DNAJC5B","Chaperome","HSP40","CO-CHAP","N","DNJ5B_HUMAN"
"99","Q8N7S2",285126,"DNAJC5G","Chaperome","HSP40","CO-CHAP","N","DNJ5G_HUMAN"
"100","Q99615",7266,"DNAJC7","Chaperome","HSP40","CO-CHAP","N","DNJC7_HUMAN"
"101","O75937",22826,"DNAJC8","Chaperome","HSP40","CO-CHAP","N","DNJC8_HUMAN"
"102","Q8WXX5",23234,"DNAJC9","Chaperome","HSP40","CO-CHAP","N","DNJC9_HUMAN"
"103","O14976",2580,"GAK","Chaperome","HSP40","CO-CHAP","N","GAK_HUMAN"
"104","Q8IWL3",150274,"HSCB","Chaperome","HSP40","CO-CHAP","N","HSC20_HUMAN"
"105","Q9UGP8",11231,"SEC63","Chaperome","HSP40","CO-CHAP","N","SEC63_HUMAN"
"106","Q9NZJ4",26278,"SACS","Chaperome","HSP40","CO-CHAP","N","SACS_HUMAN"
"107","Q8TAM1",79738,"BBS10","Chaperome","HSP60","CHAP","Y","BBS10_HUMAN"
"108","Q9NPJ1",8195,"MKKS","Chaperome","HSP60","CHAP","Y","MKKS_HUMAN"
"109","P78371",10576,"CCT2","Chaperome","HSP60","CHAP","Y","TCPB_HUMAN"
"110","P49368",7203,"CCT3","Chaperome","HSP60","CHAP","Y","TCPG_HUMAN"
"111","P50991",10575,"CCT4","Chaperome","HSP60","CHAP","Y","TCPD_HUMAN"
"112","P48643",22948,"CCT5","Chaperome","HSP60","CHAP","Y","TCPE_HUMAN"
"113","P40227",908,"CCT6A","Chaperome","HSP60","CHAP","Y","TCPZ_HUMAN"
"114","Q92526",10693,"CCT6B","Chaperome","HSP60","CHAP","Y","TCPW_HUMAN"
"115","Q99832",10574,"CCT7","Chaperome","HSP60","CHAP","Y","TCPH_HUMAN"
"116","P50990",10694,"CCT8","Chaperome","HSP60","CHAP","Y","TCPQ_HUMAN"
"117","A6NM43",155100,"CCT8L1P","Chaperome","HSP60","CHAP","Y","TCPQL_HUMAN"
"118","Q96SF2",150160,"CCT8L2","Chaperome","HSP60","CHAP","Y","TCPQM_HUMAN"
"119","P17987",6950,"TCP1","Chaperome","HSP60","CHAP","Y","TCPA_HUMAN"
"120","P10809",3329,"HSPD1","Chaperome","HSP60","CHAP","Y","CH60_HUMAN"
"121","P61604",3336,"HSPE1","Chaperome","HSP60","CO-CHAP","N","CH10_HUMAN"
"122","Q9Y4L1",10525,"HYOU1","Chaperome","HSP70","CHAP","Y","HYOU1_HUMAN"
"123","P11021",3309,"HSPA5","Chaperome","HSP70","CHAP","Y","GRP78_HUMAN"
"124","P34932",3308,"HSPA4","Chaperome","HSP70","CHAP","Y","HSP74_HUMAN"
"125","O95757",22824,"HSPA4L","Chaperome","HSP70","CHAP","Y","HS74L_HUMAN"
"126","Q92598",10808,"HSPH1","Chaperome","HSP70","CHAP","Y","HS105_HUMAN"
"127","O43301",259217,"HSPA12A","Chaperome","HSP70","CHAP","Y","HS12A_HUMAN"
"128","Q96MM6",116835,"HSPA12B","Chaperome","HSP70","CHAP","Y","HS12B_HUMAN"
"129","P48723",6782,"HSPA13","Chaperome","HSP70","CHAP","Y","HSP13_HUMAN"
"130","Q0VDF9",51182,"HSPA14","Chaperome","HSP70","CHAP","Y","HSP7E_HUMAN"
"131","P0DMV8",3303,"HSPA1A","Chaperome","HSP70","CHAP","Y","HS71A_HUMAN"
"132","P0DMV8",3304,"HSPA1B","Chaperome","HSP70","CHAP","Y","HS71A_HUMAN"
"133","P0DMV9",3303,"HSPA1A","Chaperome","HSP70","CHAP","Y","HS71B_HUMAN"
"134","P0DMV9",3304,"HSPA1B","Chaperome","HSP70","CHAP","Y","HS71B_HUMAN"
"135","P34931",3305,"HSPA1L","Chaperome","HSP70","CHAP","Y","HS71L_HUMAN"
"136","P54652",3306,"HSPA2","Chaperome","HSP70","CHAP","Y","HSP72_HUMAN"
"137","P17066",3310,"HSPA6","Chaperome","HSP70","CHAP","Y","HSP76_HUMAN"
"138","P11142",3312,"HSPA8","Chaperome","HSP70","CHAP","Y","HSP7C_HUMAN"
"139","P38646",3313,"HSPA9","Chaperome","HSP70","CHAP","Y","GRP75_HUMAN"
"140","P48741",3311,"HSPA7","Chaperome","HSP70","CHAP","Y","HSP77_HUMAN"
"141","P48741",3311,"HSPA7","Chaperome","HSP70","CHAP","Y","HSP77_HUMAN"
"142","Q99933",573,"BAG1","Chaperome","HSP70","CO-CHAP","N","BAG1_HUMAN"
"143","O95816",9532,"BAG2","Chaperome","HSP70","CO-CHAP","N","BAG2_HUMAN"
"144","O95817",9531,"BAG3","Chaperome","HSP70","CO-CHAP","N","BAG3_HUMAN"
"145","O95429",9530,"BAG4","Chaperome","HSP70","CO-CHAP","N","BAG4_HUMAN"
"146","Q9UL15",9529,"BAG5","Chaperome","HSP70","CO-CHAP","N","BAG5_HUMAN"
"147","P46379",7917,"BAG6","Chaperome","HSP70","CO-CHAP","N","BAG6_HUMAN"
"148","Q9H173",64374,"SIL1","Chaperome","HSP70","CO-CHAP","N","SIL1_HUMAN"
"149","Q9HAV7",80273,"GRPEL1","Chaperome","HSP70","CO-CHAP","N","GRPE1_HUMAN"
"150","Q8TAA5",134266,"GRPEL2","Chaperome","HSP70","CO-CHAP","N","GRPE2_HUMAN"
"151","Q9NZL4",23640,"HSPBP1","Chaperome","HSP70","CO-CHAP","N","HPBP1_HUMAN"
"152","P14625",7184,"HSP90B1","Chaperome","HSP90","CHAP","Y","ENPL_HUMAN"
"153","P07900",3320,"HSP90AA1","Chaperome","HSP90","CHAP","Y","HS90A_HUMAN"
"154","P08238",3326,"HSP90AB1","Chaperome","HSP90","CHAP","Y","HS90B_HUMAN"
"155","Q14568",3324,"HSP90AA2","Chaperome","HSP90","CHAP","Y","HS902_HUMAN"
"156","Q12931",10131,"TRAP1","Chaperome","HSP90","CHAP","Y","TRAP1_HUMAN"
"157","O95433",10598,"AHSA1","Chaperome","HSP90","CO-CHAP","N","AHSA1_HUMAN"
"158","Q719I0",130872,"AHSA2","Chaperome","HSP90","CO-CHAP","N","AHSA2_HUMAN"
"159","P30414",4820,"NKTR","Chaperome","HSP90","CO-CHAP","N","NKTR_HUMAN"
"160","P62937",5478,"PPIA","Chaperome","HSP90","CO-CHAP","N","PPIA_HUMAN"
"161","Q9Y536",653505,"PPIAL4A","Chaperome","HSP90","CO-CHAP","N","PAL4A_HUMAN"
"162","Q9Y536",653505,"PPIAL4A","Chaperome","HSP90","CO-CHAP","N","PAL4A_HUMAN"
"163","Q9Y536",653505,"PPIAL4A","Chaperome","HSP90","CO-CHAP","N","PAL4A_HUMAN"
"164","P23284",5479,"PPIB","Chaperome","HSP90","CO-CHAP","N","PPIB_HUMAN"
"165","P45877",5480,"PPIC","Chaperome","HSP90","CO-CHAP","N","PPIC_HUMAN"
"166","Q08752",5481,"PPID","Chaperome","HSP90","CO-CHAP","N","PPID_HUMAN"
"167","Q9UNP9",10450,"PPIE","Chaperome","HSP90","CO-CHAP","N","PPIE_HUMAN"
"168","P30405",10105,"PPIF","Chaperome","HSP90","CO-CHAP","N","PPIF_HUMAN"
"169","Q13427",9360,"PPIG","Chaperome","HSP90","CO-CHAP","N","PPIG_HUMAN"
"170","O43447",10465,"PPIH","Chaperome","HSP90","CO-CHAP","N","PPIH_HUMAN"
"171","Q9Y3C6",51645,"PPIL1","Chaperome","HSP90","CO-CHAP","N","PPIL1_HUMAN"
"172","Q13356",23759,"PPIL2","Chaperome","HSP90","CO-CHAP","N","PPIL2_HUMAN"
"173","Q9H2H8",53938,"PPIL3","Chaperome","HSP90","CO-CHAP","N","PPIL3_HUMAN"
"174","Q8WUA2",85313,"PPIL4","Chaperome","HSP90","CO-CHAP","N","PPIL4_HUMAN"
"175","Q8IXY8",285755,"PPIL6","Chaperome","HSP90","CO-CHAP","N","PPIL6_HUMAN"
"176","Q96BP3",23398,"PPWD1","Chaperome","HSP90","CO-CHAP","N","PPWD1_HUMAN"
"177","Q6UX04",10283,"SDCCAG10","Chaperome","HSP90","CO-CHAP","N","CWC27_HUMAN"
"178","P0DN37",644591,"PPIAL4G","Chaperome","HSP90","CO-CHAP","N","PAL4G_HUMAN"
"179","O00170",9049,"AIP","Chaperome","HSP90","CO-CHAP","N","AIP_HUMAN"
"180","Q9NZN9",23746,"AIPL1","Chaperome","HSP90","CO-CHAP","N","AIPL1_HUMAN"
"181","Q96AY3",60681,"FKBP10","Chaperome","HSP90","CO-CHAP","N","FKB10_HUMAN"
"182","Q9NYL4",51303,"FKBP11","Chaperome","HSP90","CO-CHAP","N","FKB11_HUMAN"
"183","Q9NWM8",55033,"FKBP14","Chaperome","HSP90","CO-CHAP","N","FKB14_HUMAN"
"184","Q5T1M5",23307,"FKBP15","Chaperome","HSP90","CO-CHAP","N","FKB15_HUMAN"
"185","P62942",2280,"FKBP1A","Chaperome","HSP90","CO-CHAP","N","FKB1A_HUMAN"
"186","P68106",2281,"FKBP1B","Chaperome","HSP90","CO-CHAP","N","FKB1B_HUMAN"
"187","P26885",2286,"FKBP2","Chaperome","HSP90","CO-CHAP","N","FKBP2_HUMAN"
"188","Q00688",2287,"FKBP3","Chaperome","HSP90","CO-CHAP","N","FKBP3_HUMAN"
"189","Q02790",2288,"FKBP4","Chaperome","HSP90","CO-CHAP","N","FKBP4_HUMAN"
"190","Q13451",2289,"FKBP5","Chaperome","HSP90","CO-CHAP","N","FKBP5_HUMAN"
"191","O75344",8468,"FKBP6","Chaperome","HSP90","CO-CHAP","N","FKBP6_HUMAN"
"192","Q9Y680",51661,"FKBP7","Chaperome","HSP90","CO-CHAP","N","FKBP7_HUMAN"
"193","Q14318",23770,"FKBP8","Chaperome","HSP90","CO-CHAP","N","FKBP8_HUMAN"
"194","O95302",11328,"FKBP9","Chaperome","HSP90","CO-CHAP","N","FKBP9_HUMAN"
"195","Q15185",10728,"PTGES3","Chaperome","HSP90","CO-CHAP","N","TEBP_HUMAN"
"196","Q16543",11140,"CDC37","Chaperome","HSP90","CO-CHAP","N","CDC37_HUMAN"
"197","Q7L3B6",55664,"CDC37L1","Chaperome","HSP90","CO-CHAP","N","CD37L_HUMAN"
"198","P35232",5245,"PHB","Chaperome","MITO","CHAP","N","PHB_HUMAN"
"199","Q99623",11331,"PHB2","Chaperome","MITO","CHAP","N","PHB2_HUMAN"
"200","O60313",4976,"OPA1","Chaperome","MITO","CHAP","N","OPA1_HUMAN"
"201","Q9BYT8",57486,"NLN","Chaperome","MITO","CHAP","N","NEUL_HUMAN"
"202","Q16881",7296,"TXNRD1","Chaperome","MITO","CO-CHAP","N","TRXR1_HUMAN"
"203","Q86VQ6",114112,"TXNRD3","Chaperome","MITO","CO-CHAP","N","TRXR3_HUMAN"
"204","O94763",8725,"C19orf2","Chaperome","PFD","CHAP","N","RMP_HUMAN"
"205","Q9NUG6",81572,"PDRG1","Chaperome","PFD","CHAP","N","PDRG1_HUMAN"
"206","O60925",5201,"PFDN1","Chaperome","PFD","CHAP","N","PFD1_HUMAN"
"207","Q9UHV9",5202,"PFDN2","Chaperome","PFD","CHAP","N","PFD2_HUMAN"
"208","Q9NQP4",5203,"PFDN4","Chaperome","PFD","CHAP","N","PFD4_HUMAN"
"209","Q99471",5204,"PFDN5","Chaperome","PFD","CHAP","N","PFD5_HUMAN"
"210","O15212",10471,"PFDN6","Chaperome","PFD","CHAP","N","PFD6_HUMAN"
"211","Q9UBK9",8409,"UXT","Chaperome","PFD","CHAP","N","UXT_HUMAN"
"212","P61758",7411,"VBP1","Chaperome","PFD","CHAP","N","PFD3_HUMAN"
"213","P02489",1409,"CRYAA","Chaperome","sHSP","CHAP","N","CRYAA_HUMAN"
"214","P02511",1410,"CRYAB","Chaperome","sHSP","CHAP","N","CRYAB_HUMAN"
"215","P04792",3315,"HSPB1","Chaperome","sHSP","CHAP","N","HSPB1_HUMAN"
"216","Q16082",3316,"HSPB2","Chaperome","sHSP","CHAP","N","HSPB2_HUMAN"
"217","Q12988",8988,"HSPB3","Chaperome","sHSP","CHAP","N","HSPB3_HUMAN"
"218","O14558",126393,"HSPB6","Chaperome","sHSP","CHAP","N","HSPB6_HUMAN"
"219","Q9UBY9",27129,"HSPB7","Chaperome","sHSP","CHAP","N","HSPB7_HUMAN"
"220","Q9UJY1",26353,"HSPB8","Chaperome","sHSP","CHAP","N","HSPB8_HUMAN"
"221","Q9BQS6",94086,"HSPB9","Chaperome","sHSP","CHAP","N","HSPB9_HUMAN"
"222","Q14990",4956,"ODF1","Chaperome","sHSP","CHAP","N","ODFP1_HUMAN"
"223","Q9UNE7",10273,"STUB1","Chaperome","TPR","CO-CHAP","N","CHIP_HUMAN"
"224","Q8TAM2",123016,"TTC8","Chaperome","TPR","CO-CHAP","N","TTC8_HUMAN"
"225","Q86YR5",26086,"GPSM1","Chaperome","TPR","CO-CHAP","N","GPSM1_HUMAN"
"226","Q8IVL5",55214,"LEPREL1","Chaperome","TPR","CO-CHAP","N","P3H2_HUMAN"
"227","O15460",8974,"P4HA2","Chaperome","TPR","CO-CHAP","N","P4HA2_HUMAN"
"228","Q8N394",160335,"TMTC2","Chaperome","TPR","CO-CHAP","N","TMTC2_HUMAN"
"229","P13674",5033,"P4HA1","Chaperome","TPR","CO-CHAP","N","P4HA1_HUMAN"
"230","P31948",10963,"STIP1","Chaperome","TPR","CO-CHAP","N","STIP1_HUMAN"
"231","P53804",7267,"TTC3","Chaperome","TPR","CO-CHAP","N","TTC3_HUMAN"
"232","Q8IUR5",83857,"TMTC1","Chaperome","TPR","CO-CHAP","N","TMTC1_HUMAN"
"233","Q9UJX4",51433,"ANAPC5","Chaperome","TPR","CO-CHAP","N","APC5_HUMAN"
"234","Q9UJX3",51434,"ANAPC7","Chaperome","TPR","CO-CHAP","N","APC7_HUMAN"
"235","Q13042",8881,"CDC16","Chaperome","TPR","CO-CHAP","N","CDC16_HUMAN"
"236","Q9UJX2",8697,"CDC23","Chaperome","TPR","CO-CHAP","N","CDC23_HUMAN"
"237","P30260",996,"CDC27","Chaperome","TPR","CO-CHAP","N","CDC27_HUMAN"
"238","P50542",5830,"PEX5","Chaperome","TPR","CO-CHAP","N","PEX5_HUMAN"
"239","Q8IYB4",51555,"PEX5L","Chaperome","TPR","CO-CHAP","N","PEX5R_HUMAN"
"240","Q13702",5913,"RAPSN","Chaperome","TPR","CO-CHAP","N","RAPSN_HUMAN"
"241","Q17RB8",91694,"LONRF1","Chaperome","TPR","CO-CHAP","N","LONF1_HUMAN"
"242","Q496Y0",79836,"LONRF3","Chaperome","TPR","CO-CHAP","N","LONF3_HUMAN"
"243","Q9Y2Z0",10910,"SUGT1","Chaperome","TPR","CO-CHAP","N","SGT1_HUMAN"
"244","Q8N5D0",23038,"WDTC1","Chaperome","TPR","CO-CHAP","N","WDTC1_HUMAN"
"245","Q12797",444,"ASPH","Chaperome","TPR","CO-CHAP","N","ASPH_HUMAN"
"246","Q96RK4",585,"BBS4","Chaperome","TPR","CO-CHAP","N","BBS4_HUMAN"
"247","Q07866",3831,"KLC1","Chaperome","TPR","CO-CHAP","N","KLC1_HUMAN"
"248","Q92624",10513,"APPBP2","Chaperome","TPR","CO-CHAP","N","APBP2_HUMAN"
"249","Q9H0B6",64837,"KLC2","Chaperome","TPR","CO-CHAP","N","KLC2_HUMAN"
"250","Q9NSK0",89953,"KLC4","Chaperome","TPR","CO-CHAP","N","KLC4_HUMAN"
"251","Q6P597",147700,"KLC3","Chaperome","TPR","CO-CHAP","N","KLC3_HUMAN"
"252","Q9UHB9",6730,"SRP68","Chaperome","TPR","CO-CHAP","N","SRP68_HUMAN"
"253","O94826",9868,"TOMM70A","Chaperome","TPR","CO-CHAP","N","TOM70_HUMAN"
"254","Q15785",10953,"TOMM34","Chaperome","TPR","CO-CHAP","N","TOM34_HUMAN"
"255","Q9Y6J0",23523,"CABIN1","Chaperome","TPR","CO-CHAP","N","CABIN_HUMAN"
"256","Q9H9A5",25904,"CNOT10","Chaperome","TPR","CO-CHAP","N","CNO10_HUMAN"
"257","Q9BZJ0",51340,"CRNKL1","Chaperome","TPR","CO-CHAP","N","CRNL1_HUMAN"
"258","Q6PD62",9646,"CTR9","Chaperome","TPR","CO-CHAP","N","CTR9_HUMAN"
"259","Q8WXU2",161582,"DYX1C1","Chaperome","TPR","CO-CHAP","N","DAAF4_HUMAN"
"260","Q8NFI4",144106,"FAM10A5","Chaperome","TPR","CO-CHAP","N","F10A5_HUMAN"
"261","Q9BVA6",11153,"FICD","Chaperome","TPR","CO-CHAP","N","FICD_HUMAN"
"262","Q9UIM3",63943,"FKBPL","Chaperome","TPR","CO-CHAP","N","FKBPL_HUMAN"
"263","P81274",29899,"GPSM2","Chaperome","TPR","CO-CHAP","N","GPSM2_HUMAN"
"264","Q9Y5Q9",9330,"GTF3C3","Chaperome","TPR","CO-CHAP","N","TF3C3_HUMAN"
"265","P09914",3434,"IFIT1","Chaperome","TPR","CO-CHAP","N","IFIT1_HUMAN"
"266","Q5T764",439996,"IFIT1L","Chaperome","TPR","CO-CHAP","N","IFT1B_HUMAN"
"267","P09913",3433,"IFIT2","Chaperome","TPR","CO-CHAP","N","IFIT2_HUMAN"
"268","O14879",3437,"IFIT3","Chaperome","TPR","CO-CHAP","N","IFIT3_HUMAN"
"269","Q13325",24138,"IFIT5","Chaperome","TPR","CO-CHAP","N","IFIT5_HUMAN"
"270","Q13099",8100,"IFT88","Chaperome","TPR","CO-CHAP","N","IFT88_HUMAN"
"271","Q9P2M1",55805,"LRP2BP","Chaperome","TPR","CO-CHAP","N","LR2BP_HUMAN"
"272","Q9BXJ9",80155,"NARG1","Chaperome","TPR","CO-CHAP","N","NAA15_HUMAN"
"273","Q6N069",79612,"NARG1L","Chaperome","TPR","CO-CHAP","N","NAA16_HUMAN"
"274","P49321",4678,"NASP","Chaperome","TPR","CO-CHAP","N","NASP_HUMAN"
"275","P19878",4688,"NCF2","Chaperome","TPR","CO-CHAP","N","NCF2_HUMAN"
"276","Q96HA7",4796,"NFKBIL2","Chaperome","TPR","CO-CHAP","N","TONSL_HUMAN"
"277","Q86UR1",10811,"NOXA1","Chaperome","TPR","CO-CHAP","N","NOXA1_HUMAN"
"278","O15294",8473,"OGT","Chaperome","TPR","CO-CHAP","N","OGT1_HUMAN"
"279","Q14690",22984,"PDCD11","Chaperome","TPR","CO-CHAP","N","RRP5_HUMAN"
"280","P53041",5536,"PPP5C","Chaperome","TPR","CO-CHAP","N","PPP5_HUMAN"
"281","O94906",24148,"PRPF6","Chaperome","TPR","CO-CHAP","N","PRP6_HUMAN"
"282","Q9H6T3",79657,"RPAP3","Chaperome","TPR","CO-CHAP","N","RPAP3_HUMAN"
"283","O43765",6449,"SGTA","Chaperome","TPR","CO-CHAP","N","SGTA_HUMAN"
"284","Q96EQ0",54557,"SGTB","Chaperome","TPR","CO-CHAP","N","SGTB_HUMAN"
"285","Q8TE82",54436,"SH3TC1","Chaperome","TPR","CO-CHAP","N","S3TC1_HUMAN"
"286","Q8TF17",79628,"SH3TC2","Chaperome","TPR","CO-CHAP","N","S3TC2_HUMAN"
"287","Q07617",6674,"SPAG1","Chaperome","TPR","CO-CHAP","N","SPAG1_HUMAN"
"288","O76094",6731,"SRP72","Chaperome","TPR","CO-CHAP","N","SRP72_HUMAN"
"289","Q9C0D5",85461,"TANC1","Chaperome","TPR","CO-CHAP","N","TANC1_HUMAN"
"290","Q6ZXV5",160418,"TMTC3","Chaperome","TPR","CO-CHAP","N","TMTC3_HUMAN"
"291","Q5T4D3",84899,"TMTC4","Chaperome","TPR","CO-CHAP","N","TMTC4_HUMAN"
"292","Q99614",7265,"TTC1","Chaperome","TPR","CO-CHAP","N","TTC1_HUMAN"
"293","Q9H892",54970,"TTC12","Chaperome","TPR","CO-CHAP","N","TTC12_HUMAN"
"294","Q8NBP0",79573,"TTC13","Chaperome","TPR","CO-CHAP","N","TTC13_HUMAN"
"295","Q96N46",151613,"TTC14","Chaperome","TPR","CO-CHAP","N","TTC14_HUMAN"
"296","Q8WVT3",51112,"TTC15","Chaperome","TPR","CO-CHAP","N","TPC12_HUMAN"
"297","Q8NEE8",158248,"TTC16","Chaperome","TPR","CO-CHAP","N","TTC16_HUMAN"
"298","Q96AE7",55761,"TTC17","Chaperome","TPR","CO-CHAP","N","TTC17_HUMAN"
"299","Q5T0N1",118491,"TTC18","Chaperome","TPR","CO-CHAP","N","CFA70_HUMAN"
"300","Q6DKK2",54902,"TTC19","Chaperome","TPR","CO-CHAP","N","TTC19_HUMAN"
"301","Q8NDW8",199223,"TTC21A","Chaperome","TPR","CO-CHAP","N","TT21A_HUMAN"
"302","Q7Z4L5",79809,"TTC21B","Chaperome","TPR","CO-CHAP","N","TT21B_HUMAN"
"303","Q5TAA0",55001,"TTC22","Chaperome","TPR","CO-CHAP","N","TTC22_HUMAN"
"304","Q5W5X9",64927,"TTC23","Chaperome","TPR","CO-CHAP","N","TTC23_HUMAN"
"305","A2A3L6",164118,"TTC24","Chaperome","TPR","CO-CHAP","N","TTC24_HUMAN"
"306","Q96NG3",83538,"TTC25","Chaperome","TPR","CO-CHAP","N","TTC25_HUMAN"
"307","A0AVF1",79989,"TTC26","Chaperome","TPR","CO-CHAP","N","IFT56_HUMAN"
"308","Q6P3X3",55622,"TTC27","Chaperome","TPR","CO-CHAP","N","TTC27_HUMAN"
"309","Q96AY4",23331,"TTC28","Chaperome","TPR","CO-CHAP","N","TTC28_HUMAN"
"310","Q8NA56",83894,"TTC29","Chaperome","TPR","CO-CHAP","N","TTC29_HUMAN"
"311","Q86WT1",92104,"TTC30A","Chaperome","TPR","CO-CHAP","N","TT30A_HUMAN"
"312","Q8N4P2",150737,"TTC30B","Chaperome","TPR","CO-CHAP","N","TT30B_HUMAN"
"313","Q5I0X7",130502,"TTC32","Chaperome","TPR","CO-CHAP","N","TTC32_HUMAN"
"314","Q6PID6",23548,"TTC33","Chaperome","TPR","CO-CHAP","N","TTC33_HUMAN"
"315","Q6PGP7",9652,"TTC37","Chaperome","TPR","CO-CHAP","N","TTC37_HUMAN"
"316","Q5SRH9",22996,"TTC39A","Chaperome","TPR","CO-CHAP","N","TT39A_HUMAN"
"317","Q8N0Z6",91875,"TTC5","Chaperome","TPR","CO-CHAP","N","TTC5_HUMAN"
"318","Q86TZ1",115669,"TTC6","Chaperome","TPR","CO-CHAP","N","TTC6_HUMAN"
"319","Q9ULT0",57217,"TTC7A","Chaperome","TPR","CO-CHAP","N","TTC7A_HUMAN"
"320","Q86TV6",145567,"TTC7B","Chaperome","TPR","CO-CHAP","N","TTC7B_HUMAN"
"321","Q92623",23508,"TTC9","Chaperome","TPR","CO-CHAP","N","TTC9A_HUMAN"
"322","Q8N6N2",148014,"TTC9B","Chaperome","TPR","CO-CHAP","N","TTC9B_HUMAN"
"323","Q8N5M4",283237,"TTC9C","Chaperome","TPR","CO-CHAP","N","TTC9C_HUMAN"
"324","Q9H3U1",55898,"UNC45A","Chaperome","TPR","CO-CHAP","N","UN45A_HUMAN"
"325","Q8IWX7",146862,"UNC45B","Chaperome","TPR","CO-CHAP","N","UN45B_HUMAN"
"326","O15550",7403,"UTX","Chaperome","TPR","CO-CHAP","N","KDM6A_HUMAN"
"327","O14607",7404,"UTY","Chaperome","TPR","CO-CHAP","N","UTY_HUMAN"
"328","Q9HCS7",56949,"XAB2","Chaperome","TPR","CO-CHAP","N","SYF1_HUMAN"
"329","Q9UGR2",23264,"ZC3H7B","Chaperome","TPR","CO-CHAP","N","Z3H7B_HUMAN"
"330","Q9H0C1",84217,"ZMYND12","Chaperome","TPR","CO-CHAP","N","ZMY12_HUMAN"
"331","Q15006",9694,"EMC2","Chaperome","TPR","CO-CHAP","N","EMC2_HUMAN"
"332","Q5VTQ0",158219,"TTC39B","Chaperome","TPR","CO-CHAP","N","TT39B_HUMAN"
"333","O60293",196441,"ZFC3H1","Chaperome","TPR","CO-CHAP","N","ZC3H1_HUMAN"
"334","O95801",7268,"TTC4","Chaperome","TPR","CO-CHAP","N","TTC4_HUMAN"
"335","A6NLP5",143941,"TTC36","Chaperome","TPR","CO-CHAP","N","TTC36_HUMAN"
"336","P50502",6767,"ST13","Chaperome","TPR","CO-CHAP","N","F10A1_HUMAN"
